_id,published,content.link,content.title,content.body,label
ge:1620759028784135434,2016-11-05T10:25:00.000Z,https://www.google.com/url?rct=j&sa=t&url=http://www.npr.org/sections/parallels/2016/11/05/500669878/italy-becomes-a-leading-destination-for-migrants-matching-greece&ct=ga&cd=CAIyHDYxOGExNDI0YmE1ODMzNDU6Y29tOmVuOlVTOkw&usg=AFQjCNGrPwzhiROzwPY9b8sXz6sS4r4Wpg,"Italy Becomes A Leading Destination For <b>Migrants</b>, Matching Greece","&quot;Nobody <b>died</b>,&quot; he says. With close to 160,000 arrivals this year, Italy could surpass Greece as Europe&#39;s major <b>migrant</b> and refugee point of entry.",rejected
ge:18239534028951138362,2016-11-05T05:42:40.000Z,https://www.google.com/url?rct=j&sa=t&url=http://leadership.ng/features/557765/irregular-migration-senate-joins-forces-to-halt-death-of-nigerians&ct=ga&cd=CAIyHDYxOGExNDI0YmE1ODMzNDU6Y29tOmVuOlVTOkw&usg=AFQjCNGvMYS6fJKDzZXPpb4U6OtBX0eMKg,Irregular <b>Migration</b>: Senate Joins Forces To Halt <b>Death</b> Of Nigerians,"As the number of <b>migrants</b>&#39; deaths in the Mediterranean Sea hit nearly 4,000 in 2016, the Senate led by Senator Shehu Sani is on the road with&nbsp;...",rejected
ge:4560001439482459037,2016-11-05T05:26:37.000Z,https://www.google.com/url?rct=j&sa=t&url=http://newsliner.in/news/Over-200-migrants-die-in-shipwrecks-off-Libya-1478284200&ct=ga&cd=CAIyHDYxOGExNDI0YmE1ODMzNDU6Y29tOmVuOlVTOkw&usg=AFQjCNG-IVUDONjiEndntXqL2uP52kxeRg,Over 200 <b>migrants die</b> in shipwrecks off Libya,Over 200 <b>migrants die</b> in shipwrecks off Libya. Over 200 <b>migrants die</b> in shipwrecks off Libya. Report Abuse Click Here To Read More. Similar News&nbsp;...,accepted
ge:11721998312442412795,2016-11-05T05:18:37.000Z,https://www.google.com/url?rct=j&sa=t&url=https://www.f3nws.com/news/239-die-off-lybia-coast-yxrJME&ct=ga&cd=CAIyHDYxOGExNDI0YmE1ODMzNDU6Y29tOmVuOlVTOkw&usg=AFQjCNGnBNqROfwG6Sabb9mt-5oMsyXq9A,239 <b>migrants die</b> in the Med,"At least 239 <b>migrants</b>, believed to be from West Africa, have <b>died</b> in two shipwrecks off Libya, a spokesman for the United Nations <b>migration</b> agency,&nbsp;...",accepted
ge:12121811051108214999,2016-11-05T00:27:03.000Z,https://www.google.com/url?rct=j&sa=t&url=http://www.observerbd.com/details.php%3Fid%3D41746&ct=ga&cd=CAIyHDYxOGExNDI0YmE1ODMzNDU6Y29tOmVuOlVTOkw&usg=AFQjCNEeVyWJHz30tWG8WBr4_nIhBzTu4w,UN says 239 <b>migrants die</b> in two shipwrecks off Libya,"GENEVA, Nov 3 : At least 239 <b>migrants</b>, believed to be from West Africa, have <b>died</b> in two shipwrecks off Libya, a spokesman for the United Nations&nbsp;...",accepted
ge:8991470599314538820,2016-11-04T23:51:46.000Z,https://www.google.com/url?rct=j&sa=t&url=http://www.irishtimes.com/news/world/europe/remains-of-migrant-life-strewn-across-the-stalingrad-camp-1.2855248&ct=ga&cd=CAIyHDYxOGExNDI0YmE1ODMzNDU6Y29tOmVuOlVTOkw&usg=AFQjCNEau4JSV4MdIFQkP4UzKiXcEnWGjQ,Remains of <b>migrant</b> life strewn across the Stalingrad camp,"Life is after <b>death</b>, not here. They&#39;re not <b>migrants</b>. <b>Migrants</b> are birds and animals. When a Frenchman goes abroad, he&#39;s an &#39;expatriate&#39;. When it&#39;s a&nbsp;...",rejected
ge:12075882848350770687,2016-11-04T22:29:01.000Z,https://www.google.com/url?rct=j&sa=t&url=https://open-speech.com/showthread.php/730847-Germany-s-%25C3%259Cbergutmenschen-and-7-million-Lumpen-migrants&ct=ga&cd=CAIyHDYxOGExNDI0YmE1ODMzNDU6Y29tOmVuOlVTOkw&usg=AFQjCNGEDSfSs7UPR_C2x9Tt1wT5XtpbuQ,Germany&#39;s Übergutmenschen and 7 million Lumpen-<b>migrants</b>,"So denken US-Demokraten wirklich über Deutschland Wikileaks hat e-mails veröffentlicht, <b>die</b> wohl an Hillary Clintons Wahlkampfchef Podesta&nbsp;...",rejected
ge:15428506610722352235,2016-11-04T20:47:54.000Z,https://www.google.com/url?rct=j&sa=t&url=http://crcconnection.com/2016/11/04/239-migrants-die-in-two-shipwrecks-off-libya.html&ct=ga&cd=CAIyHDYxOGExNDI0YmE1ODMzNDU6Y29tOmVuOlVTOkw&usg=AFQjCNFvTw8Uwxi1M3Pj5emrLF_LFlrBAw,239 <b>migrants die</b> in two shipwrecks off Libya,"There was panic as refugees fell into the water during a rescue operation by the Topaz Responder rescue ship run by Maltese NGO, Moas, and the&nbsp;...",accepted
ge:5055609828518538266,2016-11-04T20:46:45.000Z,https://www.google.com/url?rct=j&sa=t&url=http://www.businesspost.ng/2016/11/04/240-migrants-perish-mediterranean-sea/&ct=ga&cd=CAIyHDYxOGExNDI0YmE1ODMzNDU6Y29tOmVuOlVTOkw&usg=AFQjCNHuQqNeR_0H7YbM3-bkVnFWJqbvkg,Over 240 <b>Migrants</b> Perish In Mediterranean Sea,"By Dipo Olowookere. Reports said two children, whose mother <b>died</b> while on board a boat ferrying refuges and <b>migrants</b> from North Africa to Europe,&nbsp;...",accepted
ge:5637883152692138122,2016-11-04T19:40:02.000Z,https://www.google.com/url?rct=j&sa=t&url=http://www.dailymotion.com/video/x50opx6&ct=ga&cd=CAIyHDYxOGExNDI0YmE1ODMzNDU6Y29tOmVuOlVTOkw&usg=AFQjCNERm0ie7V-nax4R0uEGFzCymmqjtw,UN says 239 <b>migrants die</b> in two shipwrecks off Libya,"Waseb TV is a Saraiki language channel. Its programming consists of general Entertainment, Infotainment, News, Current affairs and Drama&#39;s.",accepted
ge:7581265598718420349,2016-11-04T18:17:26.000Z,https://www.google.com/url?rct=j&sa=t&url=http://www.topstoriesmagzine.com/2016/11/over-200-migrants-die-in-shipwreck-off.html&ct=ga&cd=CAIyHDYxOGExNDI0YmE1ODMzNDU6Y29tOmVuOlVTOkw&usg=AFQjCNFR07uK6wJx9i4LL_1qoW6HHfVz0A,OVER 200 <b>MIGRANTS DIE</b> IN SHIPWRECK OFF COAST OF LIBYA,"Spokesperson for the UN Refugee Agency: Carlotta Sami spoke on the issue, according to her, &quot;4200 <b>migrants</b> have <b>died</b> making a journey across the&nbsp;...",accepted
ge:17574053986436593806,2016-11-04T16:38:45.000Z,https://www.google.com/url?rct=j&sa=t&url=http://gmdac.iom.int/publication-search&ct=ga&cd=CAIyHDYxOGExNDI0YmE1ODMzNDU6Y29tOmVuOlVTOkw&usg=AFQjCNE5gdOei5dKaNdQ4tlC9ZAoX1dLEA,Publications,It sets out principles which should be at the centre of national responses when <b>migrants die</b> or go missing at international borders. It focuses on the&nbsp;...,rejected
ge:8532986235004036463,2016-11-04T16:10:30.000Z,https://www.google.com/url?rct=j&sa=t&url=http://www.cninews.tv/gambia-football-star-who-dreamed-of-playing-for-top-european-club-drowns-trying-to-cross-from-libya-as-240-migrants-die-in-mediterranean-in-48-hours/&ct=ga&cd=CAIyHDYxOGExNDI0YmE1ODMzNDU6Y29tOmVuOlVTOkw&usg=AFQjCNFgtAr9cnPnfIJ7FAP0OHH3r351ew,Gambia football star who dreamed of playing for top European club drowns trying to cross from ...,Gambia football star who dreamed of playing for top European club drowns trying to cross from Libya as 240 <b>migrants die</b> in Mediterranean in 48&nbsp;...,rejected
ge:11097084713648916708,2016-11-04T14:11:13.000Z,https://www.google.com/url?rct=j&sa=t&url=http://citizentvnews.bizyangu.com/category/citizen2541/At-least-240-migrants-and-refugees-die-in-two-shipwrecks-off-Libya-&ct=ga&cd=CAIyHDYxOGExNDI0YmE1ODMzNDU6Y29tOmVuOlVTOkw&usg=AFQjCNFbo6FtZO4xyAx4Hgh_L_SRULh59A,At least 240 <b>migrants</b> and refugees <b>die</b> in two shipwrecks off Libya,"Breaking news, kenya news, county news, politics, business, sports, lifestyle and entertainment from Kenya and around the world. Watch Citizen TV&nbsp;...",accepted
ge:6385880623517463435,2016-11-04T13:35:43.000Z,https://www.google.com/url?rct=j&sa=t&url=http://www.ooyuz.com/geturl%3Faid%3D13804196&ct=ga&cd=CAIyHDYxOGExNDI0YmE1ODMzNDU6Y29tOmVuOlVTOkw&usg=AFQjCNFBCzv8R2q1twzNbS4qizG3eNkx1A,"At least 239 <b>migrants</b> believed drowned in Mediterranean, UN says",BRUSSELS — At least 239 migrants are believed to have drowned this week in two ... U.N. says 239 <b>migrants die</b> in two shipwrecks off Libya.,accepted
ge:4585198766804920633,2016-11-04T13:17:15.000Z,https://www.google.com/url?rct=j&sa=t&url=http://rosedeji.blogspot.com/2016/11/over-240-african-migrants-die-in-boat.html&ct=ga&cd=CAIyHDYxOGExNDI0YmE1ODMzNDU6Y29tOmVuOlVTOkw&usg=AFQjCNEod3nTH_F9uBqJJ09puryaqfhRtA,Over 240 African <b>Migrants die</b> in Boat mishap,"According to authorities, 180 <b>migrants</b> who were mostly wearing life jackets were pulled to safety by rescue boats after the inflatable water vessels&nbsp;...",accepted
ge:5962191464894889476,2016-11-04T11:32:48.000Z,https://www.google.com/url?rct=j&sa=t&url=http://www.newsworld.pk/2016/11/04/un-says-239-migrants-die-in-two-shipwrecks-off-libya/&ct=ga&cd=CAIyHDYxOGExNDI0YmE1ODMzNDU6Y29tOmVuOlVTOkw&usg=AFQjCNE-dK0LIDBON8sQWkMzNNIXGBhysw,UN says 239 <b>migrants die</b> in two shipwrecks off Libya,"Daily Times. At least 239 <b>migrants</b>, believed to be from West Africa, have <b>died</b> in two shipwrecks off Libya, a spokesman for the United Nations&nbsp;...",accepted
ge:14907129078355386481,2016-11-04T11:06:02.000Z,https://www.google.com/url?rct=j&sa=t&url=http://world.einnews.com/pr_news/352464679/more-than-240-refugees-and-migrants-dead-in-horrific-24-hours-in-the-mediterranean&ct=ga&cd=CAIyHDYxOGExNDI0YmE1ODMzNDU6Y29tOmVuOlVTOkw&usg=AFQjCNHVWk6mtwdLVTt_B6mzvOkgfScWYQ,More than 240 Refugees and <b>Migrants Dead</b> in &#39;Horrific 24 Hours&#39; in the Mediterranean,"Two very young children, whose mother <b>died</b> while on board a boat ferrying refuges and <b>migrants</b> from North Africa to Europe, were rescued by Save&nbsp;...",accepted
ge:907512965892529661,2016-11-05T07:52:32.000Z,https://www.google.com/url?rct=j&sa=t&url=http://www.ooyuz.com/geturl%3Faid%3D13815732&ct=ga&cd=CAIyHGE0OTIzYjRlZTEzZWI5ZTY6Y29tOmVuOlVTOkw&usg=AFQjCNHRIPlS_b-HL2j16rSI6N-QHJ5Oxw,Capsized boats in Mediterranean leave 240 <b>refugees dead</b>,"Two <b>refugee</b> boats capsized this week in the Mediterranean near the Libyan coast, leading to the deaths in a 48-hour period of about 240 people.",accepted
ge:3566020995755398594,2016-11-05T05:09:53.000Z,https://www.google.com/url?rct=j&sa=t&url=http://www.wsws.org/en/articles/2016/11/05/liby-n05.html&ct=ga&cd=CAIyHGE0OTIzYjRlZTEzZWI5ZTY6Y29tOmVuOlVTOkw&usg=AFQjCNEizor_k379uEwLAor7C70VlEmqbA,Capsized boats in Mediterranean leave 240 <b>refugees dead</b>,"Two <b>refugee</b> boats capsized this week in the Mediterranean near the Libyan coast, leading to the <b>deaths</b> in a 48-hour period of about 240 people.",accepted
ge:1447440025041470253,2016-11-05T03:52:52.000Z,https://www.google.com/url?rct=j&sa=t&url=http://www.thecanary.co/2016/11/05/this-musician-captures-the-reality-of-the-refugee-crisis-perfectly-in-just-one-song-videos/&ct=ga&cd=CAIyHGE0OTIzYjRlZTEzZWI5ZTY6Y29tOmVuOlVTOkw&usg=AFQjCNFcZpxih5Dw5uMVnw8sZvnaj3W_yg,"This musician captures the reality of the &#39;<b>refugee</b> crisis&#39; perfectly, in just one song [VIDEOS]","In Ahmed, he talks about Europe&#39;s &#39;<b>refugee</b> crisis&#39;. ... Just in front of the <b>dead</b> man, a couple seemed to enjoy their day at the beach, apparently&nbsp;...",rejected
ge:316622218493551866,2016-11-05T03:01:49.000Z,https://www.google.com/url?rct=j&sa=t&url=http://www.heraldmalaysia.com/news/missionary-in-jordan-gods-mercy-for-refugees-fleeing-syria-and-iraq/32919/1&ct=ga&cd=CAIyHGE0OTIzYjRlZTEzZWI5ZTY6Y29tOmVuOlVTOkw&usg=AFQjCNEMW0E7P1So7vnf9HSllyclGfpmBw,Missionary in Jordan: God&#39;s mercy for <b>refugees</b> fleeing Syria and Iraq,"Missionary in Jordan: God&#39;s mercy for <b>refugees</b> fleeing Syria and Iraq ... the lands near the <b>Dead</b> Sea, who live in precarious conditions or have no&nbsp;...",rejected
ge:13552803321646540243,2016-11-05T01:10:28.000Z,https://www.google.com/url?rct=j&sa=t&url=https://gootamil.com/2016/11/03/hundreds-feared-dead-in-refugee-shipwrecks-off-libyan-coast/&ct=ga&cd=CAIyHGE0OTIzYjRlZTEzZWI5ZTY6Y29tOmVuOlVTOkw&usg=AFQjCNFeOovMSXecvYdxrx9zEd9Xz4_4Tw,Hundreds feared <b>dead</b> in <b>refugee</b> shipwrecks off Libyan coast,"Hundreds feared <b>dead</b> in <b>refugee</b> shipwrecks off Libyan coast. Nov 03, 2016 Melanie Santiago Local, News Ticker, Top Slider, World 0. According to&nbsp;...",accepted
ge:3133320939969540851,2016-11-05T00:23:41.000Z,https://www.google.com/url?rct=j&sa=t&url=https://techfeatured.com/1518/taking-refugees&ct=ga&cd=CAIyHGE0OTIzYjRlZTEzZWI5ZTY6Y29tOmVuOlVTOkw&usg=AFQjCNGSN9DcpvuoEpyRbilCY3mgnzZUPQ,Taking <b>Refugees</b>,"In the summer of 2015, Europe experienced the highest influx of <b>refugees</b> ... “There is no honorable way to <b>kill</b>, no gentle way to destroy and there is&nbsp;...",rejected
ge:15989199189203923014,2016-11-04T23:20:19.000Z,https://www.google.com/url?rct=j&sa=t&url=http://mareeg.com/refugee-returns-from-kenya-to-somalia-this-is-about-fear-not-about-choice/&ct=ga&cd=CAIyHGE0OTIzYjRlZTEzZWI5ZTY6Y29tOmVuOlVTOkw&usg=AFQjCNHLq0-aLhvUJdXNovuWu_zZHKOElw,<b>Refugee</b> returns from Kenya to Somalia: “This is About Fear… Not About Choice”,The Kenyan government&#39;s threat to close the Dadaab <b>refugee</b> camp by the end of ... But it is harmful and wrong to blame the Somali <b>refugee</b> population .... with the Ethiopian Prime Minister while that same PM&#39;s <b>death</b> Read More.,rejected
ge:1254289811715778440,2016-11-04T22:28:31.000Z,https://www.google.com/url?rct=j&sa=t&url=http://news.s3.webdigital.hu/latest/the-latest-unhcr-says-up-to-240-dead-in-wrecks-off-libya&ct=ga&cd=CAIyHGE0OTIzYjRlZTEzZWI5ZTY6Y29tOmVuOlVTOkw&usg=AFQjCNGmsQv_H7e4XjyZZv_SB-Ale9bp4g,The Latest: UNHCR says up to 240 <b>dead</b> in wrecks off Libya,The U.N. <b>refugee</b> agency says survivor accounts indicate as many as 240 people have <b>died</b> in two shipwrecks off Libya...,accepted
ge:10211448355199012204,2016-11-04T20:54:05.000Z,https://www.google.com/url?rct=j&sa=t&url=http://www.msn.com/en-au/news/other/un-refugee-agency-says-survivor-accounts-indicate-as-many-as-240-dead-in-2-shipwrecks-off-libya-no-bodies-recovered/ar-AAjQFlC&ct=ga&cd=CAIyHGE0OTIzYjRlZTEzZWI5ZTY6Y29tOmVuOlVTOkw&usg=AFQjCNE-yg1s_bbxaQtW9G7NNmVAsmE-Fw,UN <b>refugee</b> agency says survivor accounts indicate as many as 240 <b>dead</b> in 2 shipwrecks off Libya,ROME — UN <b>refugee</b> agency says survivor accounts indicate as many as 240 <b>dead</b> in 2 shipwrecks off Libya; no bodies recovered.,accepted
ge:10489685643132300613,2016-11-04T20:08:51.000Z,https://www.google.com/url?rct=j&sa=t&url=http://liefdenetwerk.nl/gigger/story.php%3Ftitle%3Dhundreds-feared-dead-in-refugee-shipwrecks-off-libya&ct=ga&cd=CAIyHGE0OTIzYjRlZTEzZWI5ZTY6Y29tOmVuOlVTOkw&usg=AFQjCNHAxHxQCR0n6-Exkp3_rli7SvLA0g,Hundreds feared <b>dead</b> in <b>refugee</b> shipwrecks off Libya,admin 18 hours ago News hundreds feared <b>dead refugee</b> shipwrecks libya All http://www.aljazeera.com. Survivors tell UN at least 239 people&nbsp;...,accepted
ge:12482581156354682783,2016-11-04T18:51:53.000Z,https://www.google.com/url?rct=j&sa=t&url=https://electronicintifada.net/content/month-pictures-october-2016/18411&ct=ga&cd=CAIyHGE0OTIzYjRlZTEzZWI5ZTY6Y29tOmVuOlVTOkw&usg=AFQjCNGhxnPy5dPf0_rWwJdoWogVF63bhQ,The Month in Pictures: October 2016,The Action Group for Palestinians of Syria recorded a total of 22 Palestinian <b>refugee deaths</b> in Syria during October as a result of the ongoing war&nbsp;...,rejected
ge:13717773139616612422,2016-11-04T18:36:50.000Z,https://www.google.com/url?rct=j&sa=t&url=https://player.fm/series/tbs-efm-primetime-1273471/hundreds-feared-dead-in-sinking-of-refugee-boats&ct=ga&cd=CAIyHGE0OTIzYjRlZTEzZWI5ZTY6Y29tOmVuOlVTOkw&usg=AFQjCNGfbuJ6KKvd5e98i3giiymAJ055wQ,Hundreds Feared <b>Dead</b> In Sinking Of <b>Refugee</b> Boats,INTERNATIONAL NEWS DIGEST Pt.1 Topic: Hundreds Feared <b>Dead</b> in Sinking of <b>Refugee</b> Boats Guest: Professor Mary Crock (Public Law/ University&nbsp;...,accepted
ge:2122754726012477554,2016-11-04T17:56:38.000Z,https://www.google.com/url?rct=j&sa=t&url=https://news.google.pk/news/story%3Fcf%3Dall%26hl%3Den%26ned%3Den_pk%26cf%3Dall%26ncl%3DdRlxP-5oDHgiNLMkuCSVmwc-O-UxM%26topic%3Dw%26start%3D30&ct=ga&cd=CAIyHGE0OTIzYjRlZTEzZWI5ZTY6Y29tOmVuOlVTOkw&usg=AFQjCNF0DpHF-02gAdHGXEyP3hlMl6OEpQ,2,Hundreds of <b>refugees</b> feared <b>dead</b> in shipwrecks off Libya ... More On: European <b>refugee</b> crisis · Evacuated migrants set fire to &#39;Jungle&#39; <b>refugee</b> camp&nbsp;...,accepted
ge:13299872926777373676,2016-11-04T17:55:36.000Z,https://www.google.com/url?rct=j&sa=t&url=http://www.ethiodailypost.com/article/hundreds-feared-dead-refugee-shipwrecks-libya&ct=ga&cd=CAIyHGE0OTIzYjRlZTEzZWI5ZTY6Y29tOmVuOlVTOkw&usg=AFQjCNFXqXeATxVHC4K1kW8nfIRQHqJM_w,Hundreds feared <b>dead</b> in <b>refugee</b> shipwrecks off Libya,"Hundreds feared <b>dead</b> in <b>refugee</b> shipwrecks off Libya &middot; At least one <b>dead</b>, ... Syria: Dozens <b>dead</b> as rebels try to break Aleppo siege &middot; Nigeria Boko&nbsp;...",accepted
ge:9763696746911326450,2016-11-04T16:31:04.000Z,https://www.google.com/url?rct=j&sa=t&url=http://www.easternmirrornagaland.com/almost-240-feared-dead-after-2-migrant-shipwrecks-unhcr/&ct=ga&cd=CAIyHGE0OTIzYjRlZTEzZWI5ZTY6Y29tOmVuOlVTOkw&usg=AFQjCNH4R7IeBvWaYNBfCDnTLM_oIGZb7Q,Almost 240 feared <b>dead</b> after 2 migrant shipwrecks: UNHCR,"Almost 240 feared <b>dead</b> after 2 migrant shipwrecks: UNHCR ... coast on Wednesday, the UN <b>Refugee</b> Agency (UNHCR) confirmed on Thursday.",accepted
ge:17999095064148929143,2016-11-04T16:21:45.000Z,https://www.google.com/url?rct=j&sa=t&url=http://ghandnews.com/news/29320/refugee-crisis-3-800-dead-more-on-the-way&ct=ga&cd=CAIyHGE0OTIzYjRlZTEzZWI5ZTY6Y29tOmVuOlVTOkw&usg=AFQjCNHFslJ2nAmyrdG2QT5REzcQpMfW9Q,"<b>Refugee</b> crisis: 3800 <b>dead</b>, more on the way","Rickety boats that should never have sailed, unscrupulous smugglers and desperate people risking all.",rejected
ge:12762464125064148557,2016-11-04T16:16:22.000Z,https://www.google.com/url?rct=j&sa=t&url=http://www.theborneopost.com/2016/11/05/over-200-migrants-feared-dead/&ct=ga&cd=CAIyHGE0OTIzYjRlZTEzZWI5ZTY6Y29tOmVuOlVTOkw&usg=AFQjCNEyvCHSX7O65WL3YPlAJOyYdXbAIA,Over 200 migrants feared <b>dead</b>,"“One woman said she had to hold on to a <b>dead</b> body to survive. ... and legal pathways to protection,” said the UN&#39;s <b>refugee</b> chief Filippo Grandi. Sami&nbsp;...",accepted
ge:9240232473830135419,2016-11-04T15:29:03.000Z,https://www.google.com/url?rct=j&sa=t&url=http://www.ansamed.info/ansamed/en/news/sections/generalnews/2016/11/04/med-refugee-death-toll-up-to-4200-says-iom_99143025-ee92-42e7-97cc-4156e90e7997.html&ct=ga&cd=CAIyHGE0OTIzYjRlZTEzZWI5ZTY6Y29tOmVuOlVTOkw&usg=AFQjCNGu-c53PC59Tuk8ZmTaQ8bInlO0cw,Med <b>refugee death</b> toll up to 4200 says IOM,"GENEVA - A total of 4,220 asylum seekers have perished in the Mediterranean so far this year, the International Organization for Migration (IOM)&nbsp;...",rejected
ge:815401658461261412,2016-11-04T15:07:58.000Z,https://www.google.com/url?rct=j&sa=t&url=http://www.pressreader.com/usa/the-denver-post/20161104/281827168327583&ct=ga&cd=CAIyHGE0OTIzYjRlZTEzZWI5ZTY6Y29tOmVuOlVTOkw&usg=AFQjCNEyaNzC5jYePNy4qYSJJX7g-l3PyQ,"240 <b>dead</b> in shipwrecks, UN <b>refugee</b> agency says","Survivors say as many as 240 people have <b>died</b> in two shipwrecks off Libya, the U.N. <b>refugee</b> agency reported Thursday, bringing this year&#39;s toll to&nbsp;...",accepted
ge:14431974377068344265,2016-11-04T15:01:41.000Z,https://www.google.com/url?rct=j&sa=t&url=http://www.unhcr.org/news/latest/2016/11/581c93a54/south-sudan-actor-played-dead-save-life.html&ct=ga&cd=CAIyHGE0OTIzYjRlZTEzZWI5ZTY6Y29tOmVuOlVTOkw&usg=AFQjCNEAMr6g-ShzBOttbBy2r2BapCBIKQ,South Sudan actor played <b>dead</b> to save his life,"South Sudan actor played <b>dead</b> to save his life ... As he and Estelle made their final journey to the <b>refugee</b> centre in Uganda, all their belongings were&nbsp;...",rejected
ge:15977266225547199249,2016-11-04T23:09:37.000Z,https://www.google.com/url?rct=j&sa=t&url=http://www.smh.com.au/national/manus-island-detainee-tries-to-set-himself-alight-to-exit-hell-20161104-gsimw5.html&ct=ga&cd=CAIyHGQxYTY2YjgzZTYzOWY2OTA6Y29tOmVuOlVTOkw&usg=AFQjCNHKeAzcEz1JhAhYnxt3Og0Us8d1hw,Manus Island detainee tries to exit &#39;hell&#39; - by attempting to set himself alight,"And they treat us like s*** in here … if I <b>die</b>, I think it&#39;s better than this s*** life.&quot; This is not ... Several <b>asylum</b> seekers sent to Manus Island have died.",accepted
ge:16905127688197923768,2016-11-04T17:46:14.000Z,https://www.google.com/url?rct=j&sa=t&url=https://sputniknews.com/radio_world_in_focus/201611041047081118-controvesry-over-nauru-death-threats-brexit/&ct=ga&cd=CAIyHGQxYTY2YjgzZTYzOWY2OTA6Y29tOmVuOlVTOkw&usg=AFQjCNEVis-ZXQwPAl7N5aqunK6BaCMeZg,Controversy Over Nauru <b>Refugee</b> Deportations | <b>Death</b> Threats After Brexit Ruling,"... in the early hours of the morning and flown by the Australian airforce to the offshore <b>detention center</b> on Nauru, where he could be held indefinitely.",rejected
ge:15683214378797463715,2016-11-05T06:16:39.000Z,https://www.google.com/url?rct=j&sa=t&url=http://uncova.com/irregular-migration-senate-joins-forces-to-halt-death-of-nigerians&ct=ga&cd=CAIyHGJhMGVjODc2N2ZlMTZjZDg6Y29tOmVuOlVTOkw&usg=AFQjCNEyAVAqH7d2lPWgA5mPFh-mGfYzOA,Irregular <b>Migration</b>: Senate Joins Forces To Halt <b>Death</b> Of Nigerians,"As the number of <b>migrants</b>&#39; <b>deaths</b> in the Mediterranean Sea hit nearly 4000 in 2016, the Senate led by Senator.",rejected
ge:8475263577475837578,2016-11-05T06:11:52.000Z,https://www.google.com/url?rct=j&sa=t&url=https://breaking.com.ng/nigeria/irregular-migration-senate-joins-forces-to-halt-death-of-nigerians/&ct=ga&cd=CAIyHGJhMGVjODc2N2ZlMTZjZDg6Y29tOmVuOlVTOkw&usg=AFQjCNGj4PBDgSdrl4SfNrT9qnCfIEMMPA,Irregular <b>Migration</b>: Senate Joins Forces To Halt <b>Death</b> Of Nigerians,"As the number of <b>migrants</b>&#39; <b>deaths</b> in the Mediterranean Sea hit nearly 4000 in 2016, the Senate led by Senator Shehu Sani is on the road with&nbsp;...",rejected
ge:12719428777341181235,2016-11-05T05:55:03.000Z,https://www.google.com/url?rct=j&sa=t&url=http://www.newspoint.ng/2016/11/irregular-migration-senate-joins-forces-to-halt-death-of-nigerians-leadership-newspapers/&ct=ga&cd=CAIyHGJhMGVjODc2N2ZlMTZjZDg6Y29tOmVuOlVTOkw&usg=AFQjCNGzXxpoBeByDgtKE7H1VmV7Bq02GQ,Irregular <b>Migration</b>: Senate Joins Forces To Halt <b>Death</b> Of Nigerians,"Irregular <b>Migration</b>: Senate Joins Forces To Halt <b>Death</b> Of Nigerians Leadership Newspapers AGBO-PAUL AUGUSTINE (Abuja), reports on issues&nbsp;...",rejected
ge:16131494167526241230,2016-11-05T05:42:40.000Z,https://www.google.com/url?rct=j&sa=t&url=http://leadership.ng/features/557765/irregular-migration-senate-joins-forces-to-halt-death-of-nigerians&ct=ga&cd=CAIyHGJhMGVjODc2N2ZlMTZjZDg6Y29tOmVuOlVTOkw&usg=AFQjCNGvMYS6fJKDzZXPpb4U6OtBX0eMKg,Irregular <b>Migration</b>: Senate Joins Forces To Halt <b>Death</b> Of Nigerians,"As the number of <b>migrants</b>&#39; <b>deaths</b> in the Mediterranean Sea hit nearly 4,000 in 2016, the Senate led by Senator Shehu Sani is on the road with&nbsp;...",rejected
ge:6381947663699866754,2016-11-05T05:09:53.000Z,https://www.google.com/url?rct=j&sa=t&url=http://www.wsws.org/en/articles/2016/11/05/liby-n05.html&ct=ga&cd=CAIyHGJhMGVjODc2N2ZlMTZjZDg6Y29tOmVuOlVTOkw&usg=AFQjCNEizor_k379uEwLAor7C70VlEmqbA,Capsized boats in Mediterranean leave 240 refugees <b>dead</b>,"The response of EU Commissioner for <b>Migration</b>, Dimitris Avramopoulos, to the <b>deaths</b> of 4,220 refugees dripped with cynicism. Speaking to the news&nbsp;...",accepted
ge:6621248266609549210,2016-11-05T01:48:12.000Z,https://www.google.com/url?rct=j&sa=t&url=http://www.doria.fi/handle/10024/125713%3Flocale%3Dlsv&ct=ga&cd=CAIyHGJhMGVjODc2N2ZlMTZjZDg6Y29tOmVuOlVTOkw&usg=AFQjCNH82FGtjWBjkiY6WyvqRRMjUziZ8Q,"Phosphorylation as a mediator of protein function in cell <b>migration</b>, differentiation, and <b>death</b>","Titel: Phosphorylation as a mediator of protein function in cell <b>migration</b>, differentiation, and <b>death</b> : vimentin, AATF, and Par-4 in the spotlight.",rejected
ge:5912623067232985961,2016-11-04T22:19:19.000Z,https://www.google.com/url?rct=j&sa=t&url=https://au.news.yahoo.com/world/a/33114002/eu-in-denial-over-migrant-carnage/&ct=ga&cd=CAIyHGJhMGVjODc2N2ZlMTZjZDg6Y29tOmVuOlVTOkw&usg=AFQjCNHwiEz8TtF_FQSweSd778ddvUUI6Q,EU &#39;in denial&#39; over <b>migrant</b> carnage,"Another deadly week in the waters between Libya and Italy has lifted the tally of <b>migrant deaths</b> at sea since the start of the year to 4,220, higher than&nbsp;...",rejected
ge:8839266021499187598,2016-11-04T22:18:31.000Z,https://www.google.com/url?rct=j&sa=t&url=http://www.notey.com/blogs/mediterranean-deaths&ct=ga&cd=CAIyHGJhMGVjODc2N2ZlMTZjZDg6Y29tOmVuOlVTOkw&usg=AFQjCNFTVKZ1m6dwem2WPpZ32oyM2KYJpw,Mediterranean <b>deaths</b>,"For a country of only 1.8 million people, Gambia has a serious <b>migration</b> problem , and the <b>death</b> of the country&#39;s women&#39;s national team goalkeeper is&nbsp;...",rejected
ge:7109930881093591858,2016-11-04T19:30:57.000Z,https://www.google.com/url?rct=j&sa=t&url=http://en.news-4-u.ru/in-2016-increased-the-number-of-deaths-of-migrants-ferried-to-europe-through-the-mediterranean-sea.html&ct=ga&cd=CAIyHGJhMGVjODc2N2ZlMTZjZDg6Y29tOmVuOlVTOkw&usg=AFQjCNEmO2gVVqBRl1JmyhTn9NTuhINsAg,In 2016 increased the number of <b>deaths</b> of <b>migrants</b> ferried to Europe through the Mediterranean sea,"The number of refugees who <b>died</b> in the year 2016 in the Mediterranean sea, 4 exceeded 220 people, taking into account those 240 people are feared&nbsp;...",rejected
ge:12566246497953646886,2016-11-04T19:07:13.000Z,https://www.google.com/url?rct=j&sa=t&url=https://wn.com/europe's_migration_tragedy:_life_and_death_in_the_mediterranean&ct=ga&cd=CAIyHGJhMGVjODc2N2ZlMTZjZDg6Y29tOmVuOlVTOkw&usg=AFQjCNH1iYpvcmUuW_RGyi0jDrIl6Yn9UQ,Europe&#39;s <b>Migration</b> Tragedy: Life and <b>Death</b> In The Mediterranean,"Europe&#39;s <b>Migration</b> Tragedy: Life and <b>death</b> in the Mediterranean, <b>Death</b> in the Mediterranean: how papers reported the tragedy, Mediterranean&nbsp;...",rejected
ge:629488490620217461,2016-11-04T18:28:29.000Z,https://www.google.com/url?rct=j&sa=t&url=http://www.kashmirmonitor.in/Details/111967/over-100-dead-in-new-migrant-tragedy-second-wreck-feared&ct=ga&cd=CAIyHGJhMGVjODc2N2ZlMTZjZDg6Y29tOmVuOlVTOkw&usg=AFQjCNHAbl0rDGSqDPOlDkpiYEgz28AYhA,"Over 100 <b>dead</b> in new <b>migrant</b> tragedy, second wreck feared","United Nation :At least 110 people are feared to have drowned off Libya when a <b>migrant</b> boat capsized, and more may have <b>died</b> in another stricken&nbsp;...",accepted
ge:13848505256151213481,2016-11-04T16:38:45.000Z,https://www.google.com/url?rct=j&sa=t&url=http://gmdac.iom.int/publication-search&ct=ga&cd=CAIyHGJhMGVjODc2N2ZlMTZjZDg6Y29tOmVuOlVTOkw&usg=AFQjCNE5gdOei5dKaNdQ4tlC9ZAoX1dLEA,Publications,The IOM&#39;s Global <b>Migration</b> Trends Factsheet presents a snapshot of the ... <b>Dead</b> and Missing <b>Migrants</b>: The Obligations of European States under&nbsp;...,rejected
ge:13115806324734557092,2016-11-04T15:29:03.000Z,https://www.google.com/url?rct=j&sa=t&url=http://www.ansamed.info/ansamed/en/news/sections/generalnews/2016/11/04/med-refugee-death-toll-up-to-4200-says-iom_99143025-ee92-42e7-97cc-4156e90e7997.html&ct=ga&cd=CAIyHGJhMGVjODc2N2ZlMTZjZDg6Y29tOmVuOlVTOkw&usg=AFQjCNGu-c53PC59Tuk8ZmTaQ8bInlO0cw,Med refugee <b>death</b> toll up to 4200 says IOM,"GENEVA - A total of 4,220 asylum seekers have perished in the Mediterranean so far this year, the International Organization for <b>Migration</b> (IOM)&nbsp;...",rejected
ge:8790242786512455212,2016-11-04T12:57:28.000Z,https://www.google.com/url?rct=j&sa=t&url=http://qz.com/827619/gambias-womens-national-team-goalkeeper-fatim-jawara-died-when-a-migrant-boat-sunk-in-the-mediterranean/&ct=ga&cd=CAIyHGJhMGVjODc2N2ZlMTZjZDg6Y29tOmVuOlVTOkw&usg=AFQjCNFLX6GoDLnMB-1-qu63n18_Cg7uHw,One of Gambia&#39;s brightest young soccer stars has drowned trying to reach Europe,"For a country of only 1.8 million people, The Gambia has a serious <b>migration</b> problem, and the <b>death</b> of the country&#39;s women&#39;s national team&nbsp;...",accepted
ge:11742847851814827290,2016-11-04T12:20:41.000Z,https://www.google.com/url?rct=j&sa=t&url=http://www.maltatoday.com.mt/news/europe/71284/trio_talk_ahead_of_maltas_presidency_of_the_european_council&ct=ga&cd=CAIyHGJhMGVjODc2N2ZlMTZjZDg6Y29tOmVuOlVTOkw&usg=AFQjCNEs02i2rCG4vZeee0Q97KhRkVm1RQ,[WATCH] Joseph Muscat warns countries growing numb to <b>migration</b> tragedies,"... the prime minister of Slovakia Robert Fico, said that the <b>death</b> of 240 people ... Muscat said that talks focused on <b>migration</b> and Brexit, with particular&nbsp;...",rejected
ge:3492111990041961346,2016-11-04T11:00:28.000Z,https://www.google.com/url?rct=j&sa=t&url=https://www.newsghana.com.gh/gambian-goalkeeper-dies-on-mediterranean-in-migration-attempt/&ct=ga&cd=CAIyHGJhMGVjODc2N2ZlMTZjZDg6Y29tOmVuOlVTOkw&usg=AFQjCNGD5ongTEHsNaCZ-n4WTE4LA9jYog,Gambian Goalkeeper <b>Dies</b> On Mediterranean In <b>Migration</b> Attempt,"The goalkeeper of the women&#39;s national soccer team in Gambia is believed to have <b>died</b> while trying to <b>migrate</b> to Italy, a member of her family said&nbsp;...",accepted
ge:2337513730082359827,2016-11-04T08:34:56.000Z,https://www.google.com/url?rct=j&sa=t&url=http://www.newsbox12.com/un-239-migrants-died-in-two-shipwrecks-off-libya/&ct=ga&cd=CAIyHGJhMGVjODc2N2ZlMTZjZDg6Y29tOmVuOlVTOkw&usg=AFQjCNEE10djXlsz89DET1zrd1r5GTfKBg,UN: 239 <b>migrants died</b> in two shipwrecks off Libya,"GENEVA: At least 239 <b>migrants</b>, believed to be from West Africa, have <b>died</b> in two shipwrecks off Libya, a spokesman for the United Nations <b>migration</b>&nbsp;...",accepted
ge:17648881660964741829,2016-11-04T07:36:00.000Z,https://www.google.com/url?rct=j&sa=t&url=http://www.newsjs.com/in/110-feared-dead-in-shipwreck-off-libya/d8Zgy5wDYdGe3QMLaCuonvPAQz5QM/&ct=ga&cd=CAIyHGJhMGVjODc2N2ZlMTZjZDg6Y29tOmVuOlVTOkw&usg=AFQjCNGC0bO8_JbmtRpf3O6Y2pTT6mSvrg,Hundreds of <b>migrants</b> feared <b>dead</b> off Libya coast,"At least 239 <b>migrants</b> believed drowned in Mediterranean, says UN UN: Survivors report 240 <b>dead</b> in 2 Mediterranean shipwrecks 239 Immigrants&nbsp;...",accepted
ge:18170924482254191878,2016-11-06T00:34:06.000Z,https://www.google.com/url?rct=j&sa=t&url=http://ah8888.com.cn/comment/html/index.php%3Fpage%3D1%26id%3D65632&ct=ga&cd=CAIyHDZkZmQ0M2ZhNDFkMzNlODA6Y29tOmVuOlVTOkw&usg=AFQjCNGV-K3NOOamougIf7XaZJfuqVhIlQ,客户点评-More Than 240 <b>Migrants Drown</b> When Two Overcrowded Rubber Dinghies Capsize In-巨 ...,More than 240 <b>migrants drown</b> when two overcrowded rubber dinghies capsize in the Mediterranean. Both of the overcrowded rubber dinghies&nbsp;...,accepted
ge:4009447151883199332,2016-11-05T21:06:50.000Z,https://www.google.com/url?rct=j&sa=t&url=http://rorotv.top/212257&ct=ga&cd=CAIyHDZkZmQ0M2ZhNDFkMzNlODA6Y29tOmVuOlVTOkw&usg=AFQjCNGBmB8nmHE1Gq7T0dcBmtWGv_JfnQ,Than 200 <b>Migrants Drown</b> Off Libya Trying To Reach Europe.,"More Than 200 <b>Migrants Drown</b> Off Libya Trying to Reach Europe. The Mediterranean crossing has been increasingly deadly this year, even as fewer&nbsp;...",accepted
ge:7425077857466983218,2016-11-05T19:23:39.000Z,https://www.google.com/url?rct=j&sa=t&url=http://www.hitloaded.com/2016/11/240-migrants-drowned-off-libya-in-48.html&ct=ga&cd=CAIyHDZkZmQ0M2ZhNDFkMzNlODA6Y29tOmVuOlVTOkw&usg=AFQjCNFX2rUi7tPbEs2vmgt9ZuCnqP7U7g,240 <b>migrants drowned</b> off Libya in 48 hours – UN,"<b>Migrants</b> aboard a dingy boat AFP PHOTO / STRINGER. At least 240 <b>migrants</b> have <b>drowned</b> off the coast of Libya within the last 48 hours, the UN&#39;s&nbsp;...",accepted
ge:14618805242861778309,2016-11-05T18:15:41.000Z,https://www.google.com/url?rct=j&sa=t&url=http://dailyglobewatch.com/index.php%3Furl%3D%25202016/11/breaking-u-n-says-240-migrants-drowned-off-libya-in-48-hours.html&ct=ga&cd=CAIyHDZkZmQ0M2ZhNDFkMzNlODA6Y29tOmVuOlVTOkw&usg=AFQjCNFyEIm-eX3DmgyURvrtrLxyFYym3g,Breaking: UN says 240 <b>migrants drowned</b> off Libya in 48 hours,"GENEVA (Reuters) - At least 240 <b>migrants</b> have <b>drowned</b> off the coast of Libya within the last 48 hours, possibly as an unintended consequence of&nbsp;...",accepted
ge:7975717274402448517,2016-11-05T17:59:25.000Z,https://www.google.com/url?rct=j&sa=t&url=https://groups.google.com/d/topic/usaafricadialogue/7XqNJfMASNE&ct=ga&cd=CAIyHDZkZmQ0M2ZhNDFkMzNlODA6Y29tOmVuOlVTOkw&usg=AFQjCNETJk9NCbQaEhJjlPPvV0e5SNu0OA,Over 240 <b>migrants drown</b> in two shipwrecks in the Mediterranean,Over 240 <b>migrants drown</b> in two shipwrecks in the Mediterranean (Photos). Showing 1-1 of 1 messages. Over 240 <b>migrants drown</b> in two shipwrecks in&nbsp;...,accepted
ge:13818878426930372800,2016-11-05T16:44:32.000Z,https://www.google.com/url?rct=j&sa=t&url=http://dialogueseriesnew.blogspot.com/2016/11/usa-africa-dialogue-series-over-240.html&ct=ga&cd=CAIyHDZkZmQ0M2ZhNDFkMzNlODA6Y29tOmVuOlVTOkw&usg=AFQjCNGpZC6io5L6Y2-G7e1apM-ZtNy0UA,Over 240 <b>migrants drown</b> in two shipwrecks in the Mediterranean,"Subject: ||NaijaObserver|| Over 240 <b>migrants drown</b> in two shipwrecks in the Mediterranean (Photos) To: abujaNig@yahoogroups.com,&nbsp;...",accepted
ge:6666454740925684698,2016-11-05T13:39:45.000Z,https://www.google.com/url?rct=j&sa=t&url=http://www.ooyuz.com/geturl%3Faid%3D13816808&ct=ga&cd=CAIyHDZkZmQ0M2ZhNDFkMzNlODA6Y29tOmVuOlVTOkw&usg=AFQjCNGViBnexORfxVnYGbL0P5NT4yj7Aw,Italian coastguard rescues 130 <b>migrants</b> in Mediterranean,239 <b>Migrants Drown</b> in Mediterranean off Libya Coast. -TIME. Andreas Solaro—AFP/Getty Images Members of Maltese NGO MOAS help people to&nbsp;...,accepted
ge:7519203681605146899,2016-11-05T12:18:20.000Z,https://www.google.com/url?rct=j&sa=t&url=http://newstelugu.in/2016/11/04/240-migrants-drown-in-2-shipwrecks-off-libya-coast-tv5-news/&ct=ga&cd=CAIyHDZkZmQ0M2ZhNDFkMzNlODA6Y29tOmVuOlVTOkw&usg=AFQjCNFHFLVABuIUGJ9LOnFBno3ss0iIwg,240 <b>Migrants Drown</b> in 2 Shipwrecks Off Libya Coast | TV5 News,240 <b>Migrants Drown</b> in 2 Shipwrecks Off Libya Coast | TV5 News. 1 day ago Daily News 4 Views. Share. Facebook &middot; Twitter &middot; Google + &middot; LinkedIn&nbsp;...,accepted
ge:11554151592727587662,2016-11-05T12:01:33.000Z,https://www.google.com/url?rct=j&sa=t&url=http://hugeclan.com/over-200-migrants-drown-off-libyan-coast-in-the-mediterranean-sea/&ct=ga&cd=CAIyHDZkZmQ0M2ZhNDFkMzNlODA6Y29tOmVuOlVTOkw&usg=AFQjCNGNz2QgEtZYbDvNQzHF-4vS0CeGEg,Over 200 <b>Migrants Drown</b> Off Libyan Coast in the Mediterranean Sea,"140 <b>migrants</b> are reported to have been <b>drowned</b> after they were forced to sail from Libya at a gun point as others died in a shipwreck, the lucky who&nbsp;...",accepted
ge:1386216543768749385,2016-11-05T10:20:00.000Z,https://www.google.com/url?rct=j&sa=t&url=http://www.dhakatribune.com/world/2016/11/05/tragedy-mediterranean-migrants-forced-sail-gunpoint/&ct=ga&cd=CAIyHDZkZmQ0M2ZhNDFkMzNlODA6Y29tOmVuOlVTOkw&usg=AFQjCNFQ8iiRYWJLkw4GvWmoB7SrgTHsHg,Tragedy on Mediterranean: <b>Migrants</b> forced to sail at gunpoint,"At least 240 <b>migrants</b> have <b>drowned</b> off the coast of Libya within the last 48 hours, possibly as an unintended consequence of European efforts to stop&nbsp;...",accepted
ge:14263460426396938764,2016-11-05T05:28:42.000Z,https://www.google.com/url?rct=j&sa=t&url=http://www.newsjs.com/my/over-200-migrants-feared-dead/dkuCSVmwc-O-UxMeiFPBGCnfIMpgM/&ct=ga&cd=CAIyHDZkZmQ0M2ZhNDFkMzNlODA6Y29tOmVuOlVTOkw&usg=AFQjCNEQvODQS4H60R38G7sIl_eRXvBECQ,Over 200 <b>migrants</b> feared dead - The Borneo Post,N. reports 240 <b>migrants drowned</b> near Libya as Italy faces accusations of abuseYahoo News DigestAt least 240 migrants have drowned off the coast&nbsp;...,accepted
ge:12993021315259240772,2016-11-06T08:30:41.000Z,https://www.google.com/url?rct=j&sa=t&url=https://www.neuseeland-haus.de/neuseeland-forum/forum/beitraege/einwanderung-fuer-skilled-migrants-wird-erschwert/&ct=ga&cd=CAIyHDYxOGExNDI0YmE1ODMzNDU6Y29tOmVuOlVTOkw&usg=AFQjCNGvuYAdUNnTpG10waFll3RCl0VdTA,Einwanderung für Skilled <b>Migrants</b> wird erschwert,Neuseeland macht <b>die</b> Tür weiter zu - Einwanderung für Skilled <b>Migrants</b> wird erschwert Hier der Link zum...,rejected
ge:4330519297341010128,2016-11-06T06:49:37.000Z,https://www.google.com/url?rct=j&sa=t&url=http://www.pressreader.com/uk/sunday-mail-uk/20161106/281569470292398&ct=ga&cd=CAIyHDYxOGExNDI0YmE1ODMzNDU6Y29tOmVuOlVTOkw&usg=AFQjCNEVKm05UJD__AC-n3fk96q9bPZgzA,10 <b>migrants die</b> in Med,10 <b>migrants die</b> in Med. Sunday Mail (UK) - 2016-11-06 - Front Page -. Ten bodies were recovered and 2200 migrants rescued from the&nbsp;...,accepted
ge:14344424172079040970,2016-11-06T04:00:15.000Z,https://www.google.com/url?rct=j&sa=t&url=http://financialtribune.com/articles/international/15349/14-migrants-die-in-macedonia-train-mishap&ct=ga&cd=CAIyHDYxOGExNDI0YmE1ODMzNDU6Y29tOmVuOlVTOkw&usg=AFQjCNG4TOTVlU3qzwuIPv3cIt4N3k-ImQ,14 <b>Migrants Die</b> in Macedonia Train Mishap,"Fourteen suspected <b>migrants</b> from Afghanistan and Somalia, walking in the dark along train...",accepted
ge:841462664688388072,2016-11-06T03:32:16.000Z,https://www.google.com/url?rct=j&sa=t&url=http://www.newsjs.com/pk/ten-bodies-found-in-dinghy-off-libyan-coast/dpWIVNiT68Z1lsM6Ce06cDYhgAalM/&ct=ga&cd=CAIyHDYxOGExNDI0YmE1ODMzNDU6Y29tOmVuOlVTOkw&usg=AFQjCNFtzxRJZzwIULPL8cahVHRGsu2UqQ,Ten bodies found in dinghy off Libyan coast,"Over 2000 migrants trying to reach Europe rescued from Mediterranean sea 10 <b>migrants die</b>, more than 2200 survive in crossing to Europe 10 bodies&nbsp;...",accepted
ge:6033948708423660627,2016-11-06T02:25:41.000Z,https://www.google.com/url?rct=j&sa=t&url=http://worldwide.chat/UNPAeA5u138.video&ct=ga&cd=CAIyHDYxOGExNDI0YmE1ODMzNDU6Y29tOmVuOlVTOkw&usg=AFQjCNE_mT2zO7W2P3wo93KlIsTawsRcPg,Europe Or <b>Die</b> Full Documentary 2016-11-06,"Europe Or <b>Die</b> - Investigative Documentary: African <b>Migration</b> Crisis 2016-11-06 <b>migrants</b>,immigration,asylum,asylum seekers,<b>migrant</b> crisis&nbsp;...",rejected
ge:9899726895039282063,2016-11-06T01:15:00.000Z,https://www.google.com/url?rct=j&sa=t&url=http://www.heraldnet.com/news/10-migrants-die-more-than-2200-survive-in-crossing-to-europe/&ct=ga&cd=CAIyHDYxOGExNDI0YmE1ODMzNDU6Y29tOmVuOlVTOkw&usg=AFQjCNErjLp7J8RnuHADZ-1GGZYRfmtjbw,"10 <b>migrants die</b>, more than 2200 survive in crossing to Europe","ROME— Ten bodies were recovered and more than 2,200 people were saved in Saturday <b>migrant</b> rescue operations in the central Mediterranean, the&nbsp;...",accepted
ge:16267966842733988975,2016-11-05T23:28:49.000Z,https://www.google.com/url?rct=j&sa=t&url=http://hscafrica.devs.mobi/index.php/component/k2/itemlist/user/93514&ct=ga&cd=CAIyHDYxOGExNDI0YmE1ODMzNDU6Y29tOmVuOlVTOkw&usg=AFQjCNE0zoUbOvy9nn2zytQaEdiLtu8G9A,About 90 <b>Migrants Died</b> After Boat Fell Apart In The Mediterranean.,"About 90 <b>Migrants Died</b> After Boat Fell Apart in the Mediterranean. The boat, which was made of rubber, began to tear and fill with water about 26&nbsp;...",accepted
ge:6538116314992191581,2016-11-05T23:22:38.000Z,https://www.google.com/url?rct=j&sa=t&url=http://www.ooyuz.com/geturl%3Faid%3D13820249&ct=ga&cd=CAIyHDYxOGExNDI0YmE1ODMzNDU6Y29tOmVuOlVTOkw&usg=AFQjCNHO2o0hVIwyAEw7lvu3XGks-RUHLw,2100-Plus <b>Migrants</b> Rescued in Mediterranean; 10 Bodies Recovered,... march survivor reporting. 239 Migrants Drown in Mediterranean off Libya Coast ... U.N. says 239 <b>migrants die</b> in two shipwrecks off Libya. -Investing.,accepted
ge:3104176523083618498,2016-11-05T23:03:37.000Z,https://www.google.com/url?rct=j&sa=t&url=https://www.arcamax.com/currentnews/newsheadlines/s-1891443&ct=ga&cd=CAIyHDYxOGExNDI0YmE1ODMzNDU6Y29tOmVuOlVTOkw&usg=AFQjCNHQWpAPtHKNAWmiBjrDzRbvR5gMoQ,"10 <b>migrants die</b>, more than 2200 survive in crossing to Europe","ROME-- Ten bodies were recovered and more than 2,200 people were saved in Saturday <b>migrant</b> rescue operations in the central Mediterranean, the&nbsp;...",accepted
ge:3383163841055683539,2016-11-05T22:57:33.000Z,https://www.google.com/url?rct=j&sa=t&url=https://socialfeed.info/muslim-migrants-warn-convert-or-die-8867153&ct=ga&cd=CAIyHDYxOGExNDI0YmE1ODMzNDU6Y29tOmVuOlVTOkw&usg=AFQjCNEGN_5SwO0ewiRU8SEBGWDqNxN8NA,Muslim <b>migrants</b> warn convert or <b>die</b>,A lot on both sides I would guess but more of you lot .you would be fools try .I think the Muslims should stop this rhetoric before it gets out of hand.,rejected
ge:8312972481671714980,2016-11-05T19:43:29.000Z,https://www.google.com/url?rct=j&sa=t&url=http://home.bt.com/news/world-news/pope-criticises-efforts-to-save-banks-while-vulnerable-people-die-11364110831432&ct=ga&cd=CAIyHDYxOGExNDI0YmE1ODMzNDU6Y29tOmVuOlVTOkw&usg=AFQjCNGpdd2AsJ9AUDqWIn9phWQ-6FGJfQ,Pope criticises efforts to save banks while vulnerable people <b>die</b>,"... world institutions have found to save ailing banks, but not suffering people, including <b>migrants</b> who are dying as they try to cross the Mediterranean.",rejected
ge:6388642966775830182,2016-11-05T19:38:48.000Z,https://www.google.com/url?rct=j&sa=t&url=http://britishfreepress.com/videos/muslim-migrants-warn-convert-or-die&ct=ga&cd=CAIyHDYxOGExNDI0YmE1ODMzNDU6Y29tOmVuOlVTOkw&usg=AFQjCNEwy_gtQzhGXzi4Mv5-abIGpTWCeQ,Muslim <b>migrants</b> warn: “convert or <b>die</b>”,"... November 5, 2016. British Free Press &middot; Home &middot; Breaking News &middot; Politics &middot; World News &middot; Videos &middot; Home Videos Muslim <b>migrants</b> warn: “convert or <b>die</b>”.",rejected
ge:7533453366228735228,2016-11-05T18:20:00.000Z,https://www.google.com/url?rct=j&sa=t&url=https://breaking.com.ng/nigeria/13-die-in-boat-mishap-tanker-fire-in-niger/&ct=ga&cd=CAIyHDYxOGExNDI0YmE1ODMzNDU6Y29tOmVuOlVTOkw&usg=AFQjCNHXu0Tyekl1Oysv3ZRu1bmmAxanUA,"13 <b>die</b> in boat mishap, tanker fire in Niger",200 <b>migrants die</b> in shipwrecks off Libya coast. Boat carrying migrants capsizeMore than 200 migrants are believed drowned in two shipwrecks off the&nbsp;...,accepted
ge:5383428514851503959,2016-11-06T04:43:13.000Z,https://www.google.com/url?rct=j&sa=t&url=https://news.google.pk/news/story%3Fcf%3Dall%26hl%3Den%26ned%3Den_pk%26cf%3Dall%26ncl%3Dd8yPDT_oaXcyXOMz_tg1CpGjgoL4M%26start%3D60&ct=ga&cd=CAIyHGE0OTIzYjRlZTEzZWI5ZTY6Y29tOmVuOlVTOkw&usg=AFQjCNHX9We1mBHH85wIaU_Y1Ckja2exYA,3,"Hundreds of <b>refugees</b> feared <b>dead</b> in shipwrecks off Libya. New York Post -   Nov 3, 2016  . Migrants and <b>refugees</b> panic as they fall in the water during&nbsp;...",accepted
ge:13767859611061657428,2016-11-06T02:48:30.000Z,https://www.google.com/url?rct=j&sa=t&url=http://www.scoopnest.com/user/Oxfam/794713400915984384&ct=ga&cd=CAIyHGE0OTIzYjRlZTEzZWI5ZTY6Y29tOmVuOlVTOkw&usg=AFQjCNE-bSwM06QXXjpGn9wbFI8Yl6-hug,+ Info,"Get all the Latest news, Breaking headlines and Top stories, photos &amp; video in real time about Oxfam International.",rejected
ge:2123821154907778536,2016-11-06T02:32:27.000Z,https://www.google.com/url?rct=j&sa=t&url=http://www.sun-sentinel.com/news/nationworld/la-fg-iraq-mosul-displaced-20161105-story.html&ct=ga&cd=CAIyHGE0OTIzYjRlZTEzZWI5ZTY6Y29tOmVuOlVTOkw&usg=AFQjCNFQUdocYdipwTJiQEq3oA7lgK2QIA,Thousands stream into UN camp as Iraqi forces attempt to penetrate deeper into Mosul,"Families reunite in <b>refugee</b> camp after escaping fighting in Mosul. Video by ... “He said, &#39;I prefer to <b>die</b> here,&#39;” Saad Ahmed Hussein said. Now he is&nbsp;...",rejected
ge:18379587646147808041,2016-11-06T02:02:26.000Z,https://www.google.com/url?rct=j&sa=t&url=http://www.fresnobee.com/news/local/article112697173.html&ct=ga&cd=CAIyHGE0OTIzYjRlZTEzZWI5ZTY6Y29tOmVuOlVTOkw&usg=AFQjCNFbg8o5jhR8lSM-8e57qxlpzBJmCg,"As new Syrian <b>refugees</b> adapt to life in Fresno, more could be on the way","When her daughter&#39;s leg was accidentally burned with hot water, the hospital they went to was filled with the <b>dead</b>, the disfigured and the amputated.",rejected
ge:5773131748472165516,2016-11-05T19:37:50.000Z,https://www.google.com/url?rct=j&sa=t&url=http://skpsoft.com/view/politics%2Bnews/denmark-syrian-refugee-dead-bodies-found-in-freezer-in-denmark/&ct=ga&cd=CAIyHGE0OTIzYjRlZTEzZWI5ZTY6Y29tOmVuOlVTOkw&usg=AFQjCNGg4YWT8yVS3HCkCyf5au5THa8uww,DENMARK: Syrian <b>Refugee Dead</b> Bodies Found In Freezer In Denmark,"The family came to Denmark in summer 2015 and obtained <b>refugee</b> status, police said.",accepted
ge:4159453755348175275,2016-11-05T19:18:33.000Z,https://www.google.com/url?rct=j&sa=t&url=https://cdanews.com/2016/11/jordan-security-forces-shoot-and-kill-three-u-s-military-trainers/&ct=ga&cd=CAIyHGE0OTIzYjRlZTEzZWI5ZTY6Y29tOmVuOlVTOkw&usg=AFQjCNGGW9MZ8VUS9XjFiPhN-MR-Xo_BdA,Jordan Security Forces Shoot and <b>Kill</b> Three US Military Trainers,"The three <b>dead</b> Americans were part of a 2,000 man contingent of U.S. military ... In June, a Jordanian intelligence office in a <b>refugee</b> camp outside the&nbsp;...",rejected
ge:7575331771137314850,2016-11-05T17:08:24.000Z,https://www.google.com/url?rct=j&sa=t&url=http://www.parentherald.com/articles/81505/20161105/fear-walking-dead-season-3-new-faces-introduced-family-reunited.htm&ct=ga&cd=CAIyHGE0OTIzYjRlZTEzZWI5ZTY6Y29tOmVuOlVTOkw&usg=AFQjCNG1IImQjOtX52UR5csEzw5LJugVew,"“Fear The Walking <b>Dead</b>” Season 3: New Faces To Be Introduced, Family To Be Reunited",&quot;Fear The Walking <b>Dead</b>&quot; Season 2 witnessed the Abigail clan split into ... all the people from La Colonia to what they believed was a <b>refugee</b> camp.,rejected
ge:2753556744300740036,2016-11-05T13:59:50.000Z,https://www.google.com/url?rct=j&sa=t&url=http://www.windowtonews.com/18-iraqi-refugees-killed-in-bomb-attack/&ct=ga&cd=CAIyHGE0OTIzYjRlZTEzZWI5ZTY6Y29tOmVuOlVTOkw&usg=AFQjCNEMza5IieullwF9R8UnrV7IEadl-w,18 Iraqi <b>refugees killed</b> in bomb attack,Baghdad : At least 18 <b>refugees</b> were <b>killed</b> and four policemen wounded in a roadside bomb attack targeting a convoy carrying Iraqi families fleeing a&nbsp;...,accepted
ge:4071194040212128202,2016-11-05T13:38:37.000Z,https://www.google.com/url?rct=j&sa=t&url=http://www.forbes.com/sites/rebeccasuhrawardi/2016/11/05/chinese-activist-ai-weiwei-returns-to-new-york-with-four-refugee-focused-exhibitions/&ct=ga&cd=CAIyHGE0OTIzYjRlZTEzZWI5ZTY6Y29tOmVuOlVTOkw&usg=AFQjCNHkwyRUKL7AFo0BrgPX-P3GG6g_qw,"Chinese Activist, Ai Weiwei, Returns to New York with Four <b>Refugee</b>-Focused Exhibitions","With a sole focus on the <b>refugee</b> crisis—the primary topic he has been ... At Boone, the work is composed of <b>dead</b> sections of different trees fused&nbsp;...",rejected
ge:11206698161628555557,2016-11-05T12:38:36.000Z,https://www.google.com/url?rct=j&sa=t&url=http://www.proxis.com/music/nl/music/rock-heavy-metal/rock/2563649/grateful-dead-cambodian-refugee-benefit-cd-0823564670423-rock-goro-music&ct=ga&cd=CAIyHGE0OTIzYjRlZTEzZWI5ZTY6Y29tOmVuOlVTOkw&usg=AFQjCNGTH_9BGiur_ncVnejPNz3PYFQjlQ,cambodian <b>refugee</b> benefit fm broadcast release,Bestel de CD CAMBODIAN <b>REFUGEE</b> BENEFIT van GRATEFUL <b>DEAD</b> voor 11.69€ bij Proxis.com en verdien Proxispunten!,rejected
ge:7399918830311816229,2016-11-05T11:32:27.000Z,https://www.google.com/url?rct=j&sa=t&url=http://www.scoopnest.com/user/RandaHabib/794392049936171008&ct=ga&cd=CAIyHGE0OTIzYjRlZTEzZWI5ZTY6Y29tOmVuOlVTOkw&usg=AFQjCNFfWPMm5_OA8y8fDusg-Ot2JQco9A,+ Info,"Get all the Latest news, Breaking headlines and Top stories, photos &amp; video in real time about Randa HABIB.",rejected
ge:3939486511880605757,2016-11-05T10:53:22.000Z,https://www.google.com/url?rct=j&sa=t&url=http://masterherald.com/fear-the-walking-dead-season-3-release-date-details-on-the-web-series-passage-there-might-be-new-faces-introduced-in-season-3/49513/&ct=ga&cd=CAIyHGE0OTIzYjRlZTEzZWI5ZTY6Y29tOmVuOlVTOkw&usg=AFQjCNGgiLhX9l6J6V1gmDYns37EwHjAPw,"Fear the Walking <b>Dead</b> Season 3 Release Date, Details on the Web Series Passage, There Might ...","After the critical success of the Fear the Walking <b>Dead</b>: Flight 462, which was ... to what was presumably a <b>refugee</b> camp; was shot by a militia group.",rejected
ge:15117539221287012987,2016-11-05T10:25:00.000Z,https://www.google.com/url?rct=j&sa=t&url=http://www.npr.org/sections/parallels/2016/11/05/500669878/italy-becomes-a-leading-destination-for-migrants-matching-greece&ct=ga&cd=CAIyHGE0OTIzYjRlZTEzZWI5ZTY6Y29tOmVuOlVTOkw&usg=AFQjCNGrPwzhiROzwPY9b8sXz6sS4r4Wpg,"Italy Becomes A Leading Destination For Migrants, Matching Greece","&quot;Nobody <b>died</b>,&quot; he says. With close to 160,000 arrivals this year, Italy could surpass Greece as Europe&#39;s major migrant and <b>refugee</b> point of entry.",rejected
ge:14977664325373564202,2016-11-06T06:40:57.000Z,https://www.google.com/url?rct=j&sa=t&url=http://www.qconline.com/news/local/bats-far-more-than-halloween-caricature/article_8b59b73a-2206-5a1f-aa9b-d0a2a9644c43.html&ct=ga&cd=CAIyHGJhMGVjODc2N2ZlMTZjZDg6Y29tOmVuOlVTOkw&usg=AFQjCNFvJdEh_uj0iSi9ONekX6lV-YlNWg,Bats far more than Halloween caricature,"The U.S. Fish &amp; Wildlife Service is studying where bats are likely to <b>migrate</b> by ... “Lower wind speed is when the majority of bats are <b>killed</b>,” she said.",rejected
ge:11695726312716008256,2016-11-05T18:13:09.000Z,https://www.google.com/url?rct=j&sa=t&url=http://feedcabal.com/view/350332/irregular-migration-senate-joins-forces-to-halt-death-of-nigerians/&ct=ga&cd=CAIyHGJhMGVjODc2N2ZlMTZjZDg6Y29tOmVuOlVTOkw&usg=AFQjCNG0UfdOyOgZ_VEuk-RXidEt2s2ZGg,Irregular <b>Migration</b>: Senate Joins Forces To Halt <b>Death</b> Of Nigerians,Irregular <b>Migration</b>: Senate Joins Forces To Halt <b>Death</b> Of Nigerians. Published by Leadership News -- 13 hour ago 57. As the number of <b>migrants</b>&#39;&nbsp;...,rejected
ge:10418877218404182918,2016-11-05T10:25:00.000Z,https://www.google.com/url?rct=j&sa=t&url=http://www.npr.org/sections/parallels/2016/11/05/500669878/italy-becomes-a-leading-destination-for-migrants-matching-greece&ct=ga&cd=CAIyHGJhMGVjODc2N2ZlMTZjZDg6Y29tOmVuOlVTOkw&usg=AFQjCNGrPwzhiROzwPY9b8sXz6sS4r4Wpg,"Italy Becomes A Leading Destination For <b>Migrants</b>, Matching Greece","That&#39;s where newly arrived <b>migrants</b> are being sheltered in a tent camp. ... He says Europe cannot afford 3,000 <b>dead</b> every year — four times, Renzi&nbsp;...",rejected
ge:4113208513228105230,2016-11-05T10:09:55.000Z,https://www.google.com/url?rct=j&sa=t&url=http://okyerou.ru/tepod.pdf&ct=ga&cd=CAIyHGJhMGVjODc2N2ZlMTZjZDg6Y29tOmVuOlVTOkw&usg=AFQjCNHdEAa6o6LunZhNlVcux2nbwzjA7Q,PDF ebook The New Elite: The <b>Death</b> Of Democracy download docs site okyerou.ru,"<b>Death</b> of Democracy GreekReporter.com Retribution and Reparation in the Transition to Democracy ... <b>Immigration</b>, <b>Migration</b>, and the <b>Death</b> of.",rejected
ge:17973376357597544027,2016-11-06T09:08:42.000Z,https://www.google.com/url?rct=j&sa=t&url=http://www.thejakartapost.com/news/2016/11/06/batam-boat-accident-6-remain-missing.html&ct=ga&cd=CAIyHDNhYjFmY2JlODI2YmRjMzc6Y29tOmVuOlVTOkw&usg=AFQjCNF-g4gdzJmLsT0uSLpl5aMkoLEb7w,Batam boat accident: 6 remain <b>missing</b>,"Batam boat accident: 6 remain <b>missing</b> ... had been carrying 98 passengers, all unregistered Indonesian <b>migrant</b> workers and their family members.",accepted
ge:1495270087887349740,2016-11-06T01:15:00.000Z,https://www.google.com/url?rct=j&sa=t&url=http://www.heraldnet.com/news/10-migrants-die-more-than-2200-survive-in-crossing-to-europe/&ct=ga&cd=CAIyHDNhYjFmY2JlODI2YmRjMzc6Y29tOmVuOlVTOkw&usg=AFQjCNErjLp7J8RnuHADZ-1GGZYRfmtjbw,"10 <b>migrants</b> die, more than 2200 survive in crossing to Europe","This year has been the deadliest on record for Mediterranean <b>migrant</b> deaths. Since January, 4,220 people have died or gone <b>missing</b> while crossing&nbsp;...",accepted
ge:9754967675461816276,2016-11-05T17:35:25.000Z,https://www.google.com/url?rct=j&sa=t&url=http://www.dailysabah.com/europe/2016/11/05/10-migrants-dead-more-than-2100-survivors-in-mediterranean-rescue-operations&ct=ga&cd=CAIyHDNhYjFmY2JlODI2YmRjMzc6Y29tOmVuOlVTOkw&usg=AFQjCNGtHLu8PnopyhLwN_u9RO5cE5F-nA,"10 <b>migrants</b> dead, more than 2100 survivors in Mediterranean rescue operations","This year has been the deadliest on record for Mediterranean <b>migrant</b> ... Some 4,220 people have died or gone <b>missing</b> while crossing from North&nbsp;...",accepted
ge:2073353018558771707,2016-11-05T14:01:35.000Z,https://www.google.com/url?rct=j&sa=t&url=http://www.lightnepalvideo.com/videos/migration-nepal-missing-migrant-maniram/&ct=ga&cd=CAIyHDNhYjFmY2JlODI2YmRjMzc6Y29tOmVuOlVTOkw&usg=AFQjCNG9uz1EO_Q5KULLHUNqoEwHIl37vw,Migration Nepal <b>Missing Migrant</b> Maniram,Labour Migration is one of the main source of Nepal. Every year thousands of Nepalese go to work in Malaysia and Gulf countries. But there are&nbsp;...,rejected
ge:9888642107145326730,2016-11-06T10:31:30.000Z,https://www.google.com/url?rct=j&sa=t&url=http://english.ahram.org.eg/NewsContent/5/1172/247375/Arts--Culture/th-Euro-Film-Panorama/REVIEW-Fire-at-Sea-A-poignant-testimony-to-Lampedu.aspx&ct=ga&cd=CAIyHGI4NDU1N2FkZTdhZWI5Mjg6Y29tOmVuOlVTOkw&usg=AFQjCNHSqeVwqoKvhfeOEdpLDkDX8g8bWg,"REVIEW: &#39;Fire at Sea&#39;: A poignant testimony to <b>Lampedusa</b>, migrants and the sea",So the sea took them to the Mediterranean island of <b>Lampedusa</b>. ... Samuele&#39;s character provides further contrast to the life-or-<b>death</b> struggles faced&nbsp;...,rejected
ge:2334773622483719532,2016-11-06T12:40:41.000Z,https://www.google.com/url?rct=j&sa=t&url=http://www.newindianexpress.com/nation/2016/nov/06/two-soldiers-killed-two-infiltration-bids-foiled-1535646.html&ct=ga&cd=CAIyHDk1YTQ3NThiMTk1ZjM3NGE6Y29tOmVuOlVTOkw&usg=AFQjCNFNHZ0xAvvdgpTU4dMYKCqOk96RSg,"Two soldiers <b>killed</b>, two infiltration bids foiled",JAMMU: Two Indian soldiers were <b>killed</b> in Pakistani shelling when the ... Sunday&#39;s violation on the <b>border</b> came after a lull of two days on the LoC and&nbsp;...,rejected
ge:8419319711241027242,2016-11-06T10:45:17.000Z,https://www.google.com/url?rct=j&sa=t&url=http://news.xinhuanet.com/english/2016-11/06/c_135809667.htm&ct=ga&cd=CAIyHDk1YTQ3NThiMTk1ZjM3NGE6Y29tOmVuOlVTOkw&usg=AFQjCNHTa7ZvLVlvN7DKiHqlRyoZvSB8aw,Four drug dealers arrested following policeman&#39;s <b>death</b> in SW China,"At 2 p.m. Sunday, Myanmar police handed over the final suspect caught in Myanmar at the <b>border</b> port of Daluo, 30 hours after Li Jingzhong, a police&nbsp;...",rejected
ge:16121993540420745682,2016-11-06T10:17:24.000Z,https://www.google.com/url?rct=j&sa=t&url=http://www.ibtimes.co.in/isi-moulding-death-convicts-fidayeen-carry-out-terror-attacks-india-702736&ct=ga&cd=CAIyHDk1YTQ3NThiMTk1ZjM3NGE6Y29tOmVuOlVTOkw&usg=AFQjCNHv93W__osV314cTpeYIPIvPx9JLw,ISI moulding <b>death</b> convicts as fidayeen to carry out terror attacks in India,Indian intelligence agencies have revealed that in the aftermath of the surgical strikes and the intensification of cross-<b>border</b> firing along the&nbsp;...,rejected
ge:14675913690168730777,2016-11-06T09:24:31.000Z,https://www.google.com/url?rct=j&sa=t&url=http://crcconnection.com/2016/11/06/soldier-killed-as-pakistan-army-violates-ceasefire-in-jammu.html&ct=ga&cd=CAIyHDk1YTQ3NThiMTk1ZjM3NGE6Y29tOmVuOlVTOkw&usg=AFQjCNElaQ-7DREYE4U3l8ohYxeBbxzXFg,Soldier <b>killed</b> as Pakistan Army violates ceasefire in Jammu,An army soldier <b>died</b> on Sunday in cross-<b>border</b> firing along the Line of Control (LoC) in Krishna Ghati sector of Poonch district. &quot;Unprovoked ceasefire&nbsp;...,rejected
ge:8540072321062163684,2016-11-06T08:31:17.000Z,https://www.google.com/url?rct=j&sa=t&url=http://www.jpost.com/Middle-East/Soccer-star-who-chose-jihad-dies-fighting-for-Hezbollah-in-Syria-471804&ct=ga&cd=CAIyHDk1YTQ3NThiMTk1ZjM3NGE6Y29tOmVuOlVTOkw&usg=AFQjCNFUT72S193IwEQmn8AHs9-lyv7hmw,Soccer star who &#39;chose jihad&#39; <b>dies</b> fighting for Hezbollah in Syria,"It was not immediately clear if the <b>death</b> of Qassem Shamkhya, 19, would ... Shamkhya was <b>killed</b> Thursday while repelling a military assault on the ... it has fighters deployed in Aleppo and other places far from the Lebanese <b>border</b>.",rejected
ge:734316247777140666,2016-11-06T07:54:26.000Z,https://www.google.com/url?rct=j&sa=t&url=http://www.jantakareporter.com/india/one-army-soldier-killed-fresh-pakistani-shelling/73764/&ct=ga&cd=CAIyHDk1YTQ3NThiMTk1ZjM3NGE6Y29tOmVuOlVTOkw&usg=AFQjCNF27gv3_LM8cs0EKOucqqUEEei2wA,One more army soldier <b>killed</b> in fresh Pakistani shelling,"The soldier has been <b>killed</b> in cross <b>border</b> firing on the LoC in Poonch”, a senior police officer said. The fresh <b>death</b> of an Indian soldier comes just&nbsp;...",rejected
ge:4754941047165389721,2016-11-06T07:16:08.000Z,https://www.google.com/url?rct=j&sa=t&url=http://www.ibtimes.co.in/jk-jawan-killed-shelling-pakistan-continues-ceasefire-violations-along-loc-poonch-702718&ct=ga&cd=CAIyHDk1YTQ3NThiMTk1ZjM3NGE6Y29tOmVuOlVTOkw&usg=AFQjCNGNSitIeBPJTFrvmgTOzWZqKbkCZA,J&amp;K: Jawan <b>killed</b> in shelling as Pakistan continues ceasefire violations along LoC in Poonch,"Meanwhile, at least 33,000 people from the <b>border</b> districts of Arnia, Rajouri, Poonch and Samba in J&amp;K have ended up in relief camps that have been&nbsp;...",rejected
ge:11739434068422884910,2016-11-06T07:02:10.000Z,https://www.google.com/url?rct=j&sa=t&url=http://www.dublinlive.ie/news/dublin-news/dublin-lives-dad-reveals-heartache-12134017&ct=ga&cd=CAIyHDk1YTQ3NThiMTk1ZjM3NGE6Y29tOmVuOlVTOkw&usg=AFQjCNHkx-H67eKjRDC4xqpd1BAehC9cLQ,Dublin Lives: Dad reveals heartache of having to leave <b>dead</b> baby in Belfast due to strict abortion ...,“I couldn&#39;t figure out how to cross the <b>border</b> with a <b>dead</b> baby - we thought we ... The cruelty of having to treat their baby&#39;s <b>death</b> like a secret felt like a&nbsp;...,rejected
ge:3458690382005600291,2016-11-06T06:22:52.000Z,https://www.google.com/url?rct=j&sa=t&url=http://www.india.com/news/india/pakistan-violates-ceasefire-twice-in-poonch-district-of-jammu-and-kashmir-1631674/&ct=ga&cd=CAIyHDk1YTQ3NThiMTk1ZjM3NGE6Y29tOmVuOlVTOkw&usg=AFQjCNE_gk43pZbVMkF1EWzoE1SuOgKhyA,Pakistan violates ceasefire twice in Poonch district of Jammu and Kashmir,The firing started three days of uneasy calm of two days at the <b>border</b> following the <b>death</b> of two women in mortal shelling. A 14-month-old child was&nbsp;...,rejected
ge:4237907180748237727,2016-11-06T06:16:19.000Z,https://www.google.com/url?rct=j&sa=t&url=http://www.bloombergquint.com/politics/2016/11/06/soldier-killed-in-cross-border-shelling-in-poonch&ct=ga&cd=CAIyHDk1YTQ3NThiMTk1ZjM3NGE6Y29tOmVuOlVTOkw&usg=AFQjCNF2ngDVaCaRiwmna6XRjXNTmq5gNw,Soldier <b>Killed</b> In Cross-<b>Border</b> Shelling In Poonch,An Army soldier was <b>killed</b> as Pakistan Army opened fire in a bid to facilitate two infiltration bids along the Line of Control (LoC) in Krishna Ghati sector&nbsp;...,rejected
ge:2710942788243264050,2016-11-06T05:53:42.000Z,https://www.google.com/url?rct=j&sa=t&url=http://www.istockphoto.com/vector/halloween-photo-picture-frame-border-kid-death-costume-gm618871344-107820385&ct=ga&cd=CAIyHDk1YTQ3NThiMTk1ZjM3NGE6Y29tOmVuOlVTOkw&usg=AFQjCNFyTEP1ZqO1zZiVCzlq-w_pNc6Asg,Halloween Photo picture frame <b>border</b> kid <b>death</b> costume,Download this Halloween Photo picture frame <b>border</b> kid <b>death</b> costume vector illustration now. And search more of the web&#39;s best library of&nbsp;...,rejected
ge:15440589583254712423,2016-11-06T04:47:46.000Z,https://www.google.com/url?rct=j&sa=t&url=http://timesofindia.indiatimes.com/city/guwahati/Borderline-fades-on-Bhupen-Hazarika-death-anniversary/articleshow/55270482.cms&ct=ga&cd=CAIyHDk1YTQ3NThiMTk1ZjM3NGE6Y29tOmVuOlVTOkw&usg=AFQjCNHIj0YECMTr-My_7FnDzjnRpcwH2Q,Borderline fades on Bhupen Hazarika <b>death</b> anniversary,"GUWAHATI: On the fifth <b>death</b> anniversary of the bard of Brahmaputra, ... Across the <b>border</b>, neighbouring Bangladesh commemorated Hazarika&#39;s&nbsp;...",rejected
ge:4347576735481488033,2016-11-06T04:40:02.000Z,https://www.google.com/url?rct=j&sa=t&url=http://www.mercedsunstar.com/news/state/article112884473.html&ct=ga&cd=CAIyHDk1YTQ3NThiMTk1ZjM3NGE6Y29tOmVuOlVTOkw&usg=AFQjCNGFRlf08ThU72V_FD1iQx9YAfO4mw,Mourners honor slain Northern California deputy,"A Northern California deputy who was <b>killed</b> while investigating a domestic disturbance call was remembered as a ... Hopkins, 31, was shot <b>dead</b> on Oct. 19 at a property outside of Alturas, California, near the Oregon <b>border</b>.",rejected
ge:16050822363890834417,2016-11-06T04:02:26.000Z,https://www.google.com/url?rct=j&sa=t&url=http://www.dailymail.co.uk/travel/article-3908196/The-poet-gets-fan-mail-125-years-death-voyage-elegant-French-shrine-Arthur-Rimbaud.html%3FITO%3D1490%26amp%3Bns_mchannel%3Drss%26amp%3Bns_campaign%3D1490&ct=ga&cd=CAIyHDk1YTQ3NThiMTk1ZjM3NGE6Y29tOmVuOlVTOkw&usg=AFQjCNG2M8_JEMMyjaF0cnmvz1YmfyUuBQ,The poet who still gets fan mail 125 years after his <b>death</b>: A voyage to the elegant French shrine of ...,"Painted gold, the metal box displays a portrait of the 19th Century poet Arthur Rimbaud, who is buried here at Charleville. The postbox was installed&nbsp;...",rejected
ge:3600490342880049971,2016-11-06T03:14:18.000Z,https://www.google.com/url?rct=j&sa=t&url=http://yzaobaa.ru/zaxogac.pdf&ct=ga&cd=CAIyHDk1YTQ3NThiMTk1ZjM3NGE6Y29tOmVuOlVTOkw&usg=AFQjCNEbB0mFSLNPTDra_Gywwfap2AQ69w,"PDF ebook Asylum, <b>Border</b> Control And Detention download docs site yzaobaa.ru",ABC JURIST - Amnesty: Australia maritime <b>border</b> control ... The <b>Border</b> Crossing Observatory as part of its <b>Deaths</b> at the Global Frontier Project . 28.,rejected
ge:16047839499266133584,2016-11-06T03:14:10.000Z,https://www.google.com/url?rct=j&sa=t&url=http://www.thenewsminute.com/article/least-four-tribals-killed-andhra-odisha-maoist-encounter-activists-allege-52455&ct=ga&cd=CAIyHDk1YTQ3NThiMTk1ZjM3NGE6Y29tOmVuOlVTOkw&usg=AFQjCNErco2ZOcM1eroZga2KKo-lM4ZP1Q,"At least four tribals <b>killed</b> in Andhra-Odisha Maoist encounter, activists allege","On October 24, an alleged exchange of fire between police forces and Maoists along the Andhra-Odisha <b>border killed</b> 24 people. In the week that&nbsp;...",rejected
ge:9050907069652693016,2016-11-06T02:28:35.000Z,https://www.google.com/url?rct=j&sa=t&url=http://www.laht.com/article.asp%3FCategoryId%3D36641%26ArticleId%3D2424641&ct=ga&cd=CAIyHDk1YTQ3NThiMTk1ZjM3NGE6Y29tOmVuOlVTOkw&usg=AFQjCNH2F-am_rpAWMt-azdLchaUwO6diQ,US Confirms <b>Death</b> of Al Qaeda Leader in Strike in Afghanistan,"The airstrike was carried out on Oct. 23 in Kunar province, located 230 kilometers (143 miles) east of Kabul and along the <b>border</b> with Pakistan.",rejected
ge:1444650553903313531,2016-11-06T02:26:06.000Z,https://www.google.com/url?rct=j&sa=t&url=http://ibuomeu.ru/mizumy.pdf&ct=ga&cd=CAIyHDk1YTQ3NThiMTk1ZjM3NGE6Y29tOmVuOlVTOkw&usg=AFQjCNGeHzAJ3ylE3t0FdawmM7gQP_pH1A,PDF ebook <b>Death</b> Crosses The <b>Border</b> download docs site ibuomeu.ru,<b>Death</b> Crosses The <b>Border</b> | ibuomeu.ru. U.S.-Mexico <b>Border</b> Crossing <b>Deaths</b> Are A Humanitarian Crisis ... American Mystery and Detective Novels: A&nbsp;...,rejected
ge:14498440175509877299,2016-11-06T02:07:30.000Z,https://www.google.com/url?rct=j&sa=t&url=http://solonews.net/620540/news/indias-kashmir-death-toll-hits-eight-in-border-firing.html&ct=ga&cd=CAIyHDk1YTQ3NThiMTk1ZjM3NGE6Y29tOmVuOlVTOkw&usg=AFQjCNHAOtQFUpkX-6kysepSOyAmOTLDLA,"India&#39;s Kashmir <b>death</b> toll hits eight in <b>border</b> firing, police say","In the latest ceasefire violation by the Pakistan Army, three civilians were injured in firing and shelling in Arnia of Jammu Kashmir&#39;s RS Pura Sector on&nbsp;...",rejected
ge:2814369981101855026,2016-11-06T02:07:13.000Z,https://www.google.com/url?rct=j&sa=t&url=http://www.newindianexpress.com/thesundaystandard/2016/nov/05/pakistan-death-row-convicts-on-mission-of-no-return-in-valley-1535392.html&ct=ga&cd=CAIyHDk1YTQ3NThiMTk1ZjM3NGE6Y29tOmVuOlVTOkw&usg=AFQjCNFXUeTW31cao3HcfjfQN1Q83Mjh9Q,Pakistan <b>death</b> row convicts on mission of no return in valley,"According to MAC&#39;s latest estimates, 300 fidayeen are waiting across the LoC and the <b>border</b> to cross over. Security forces in the Valley have&nbsp;...",rejected
